<?xml version="1.0" encoding="UTF-8"?>
<!DOCTYPE suite SYSTEM "http://testng.org/testng-1.0.dtd">
<suite name="POC Project Testing">
	<listeners>
		<listener class-name="com.perficient.core.AnnotationTest" />
	</listeners>
	
	<parameter name="browsers" value="FF"/>
	<parameter name="grid" value="false"/>
	   
	<!-- The whole test package can be specified or individual classes containing the test methods can be specified.  -->   
	<test name="Enterprise Cancellation Flow">
   		<packages><package name="com.perficient.test"></package></packages> 
   		 <classes>
   			<class name="com.perficient.test.enterprise.ModifyReservationFlow"></class>
   		</classes> 
  	</test>
</suite> 